date,btc_usd,eth_usd,sol_usd
2024-03-02,62360.857337,3450.046093,129.308026
2024-03-03,61850.569025,3432.845813,129.610057
2024-03-04,63416.768662,3476.350388,129.964979
2024-03-05,68110.611633,3621.406569,131.691476
2024-03-06,63766.15675,3574.785039,124.410264
2024-03-07,66261.587495,3853.310629,134.633849
2024-03-08,67024.128686,3924.742282,146.44599
2024-03-09,68127.316329,3910.218261,145.977984
2024-03-10,68807.970715,3936.880777,146.233469
2024-03-11,68528.823223,3829.353294,140.753049
2024-03-12,72043.514283,4057.540797,147.717312
2024-03-13,71458.686161,3981.365616,149.878205
2024-03-14,72815.710718,3972.450263,167.829098
2024-03-15,71831.340014,3891.831978,179.238694
2024-03-16,69779.288112,3773.849788,180.614263
2024-03-17,65586.24263,3534.100893,183.839566
2024-03-18,66963.986768,3566.679792,196.408628
2024-03-19,66810.532012,3440.988087,193.580605
2024-03-20,62746.672858,3212.642906,173.886583
2024-03-21,67874.378101,3521.053612,193.28648
2024-03-22,65703.022339,3490.564655,177.562608
2024-03-23,63663.854846,3324.55761,173.861264
2024-03-24,64487.005868,3355.774516,175.453352
2024-03-25,66715.591434,3435.585519,181.793369
2024-03-26,69979.006298,3599.96472,189.217518
2024-03-27,70794.455378,3630.603519,191.907133
2024-03-28,69570.057047,3507.552286,185.819368
2024-03-29,70757.887736,3570.996226,189.102726
2024-03-30,69989.291638,3512.644467,193.571337
2024-03-31,69957.955269,3517.783627,195.887072
2024-04-01,71079.679586,3622.430512,202.737525
2024-04-02,69532.809056,3500.337958,190.672963
2024-04-03,65448.881151,3264.521571,179.534946
2024-04-04,66290.138679,3329.097611,186.10703
2024-04-05,68497.373126,3323.887951,184.346879
2024-04-06,67890.506192,3322.408148,174.989038
2024-04-07,69143.860717,3368.212294,179.112121
2024-04-08,69336.587531,3430.477599,177.630367
2024-04-09,71248.414723,3676.211092,179.158418
2024-04-10,68858.193436,3508.821176,171.703663
2024-04-11,70593.550573,3538.070882,171.74957
2024-04-12,70263.699665,3516.034701,173.19685
2024-04-13,66956.812856,3234.297003,151.627921
2024-04-14,63992.218546,3009.539941,139.261344
2024-04-15,65545.832924,3152.261148,148.61768
2024-04-16,63259.509486,3086.387364,138.279766
2024-04-17,63914.507954,3085.849251,136.630544
2024-04-18,61722.679999,3011.579221,133.240118
2024-04-19,62492.969541,3064.088788,137.013571
2024-04-20,63500.127,3031.325413,140.186671
2024-04-21,65927.400746,3193.585237,149.682471
2024-04-22,64975.569186,3157.11576,149.50593
2024-04-23,67134.36944,3220.176338,158.564803
2024-04-24,66736.517555,3231.645305,157.35563
2024-04-25,64459.986463,3160.190699,148.45892
2024-04-26,64033.604836,3131.372343,142.275582
2024-04-27,63142.47468,3103.72301,136.83444
2024-04-28,63838.615979,3263.154838,141.82687
2024-04-29,63152.443684,3279.474523,138.212532
2024-04-30,64263.635137,3229.044871,139.027715
2024-05-01,59926.170957,2984.973939,124.65326
2024-05-02,57706.06837,2946.103395,131.627416
2024-05-03,59277.174139,2997.680995,139.216327
2024-05-04,62884.380778,3115.684105,143.670003
2024-05-05,63330.420134,3097.605551,144.636992
2024-05-06,64294.623684,3152.793848,147.415456
2024-05-07,63612.017582,3074.595844,154.382541
2024-05-08,62572.740811,3019.020129,149.262501
2024-05-09,61446.952846,2994.263889,143.844712
2024-05-10,62889.12647,3023.922554,151.834582
2024-05-11,60940.308967,2929.299024,146.938953
2024-05-12,60957.768458,2917.170729,145.866956
2024-05-13,61461.303963,2929.274999,144.679006
2024-05-14,62869.752733,2952.321484,147.301869
2024-05-15,61586.214542,2881.226619,142.431025
2024-05-16,66124.008966,3022.792765,161.235796
2024-05-17,65273.725367,2944.13186,161.230564
2024-05-18,66884.710824,3097.266878,170.268695
2024-05-19,66897.239151,3117.007798,173.442228
2024-05-20,66322.673069,3067.250384,169.253082
2024-05-21,71085.836147,3673.338796,185.270011
2024-05-22,70136.063964,3788.091151,178.33627
2024-05-23,69334.664559,3747.349219,175.97045
2024-05-24,67669.987007,3807.172791,173.586214
2024-05-25,68601.221102,3714.73923,166.138243
2024-05-26,69143.382633,3749.861724,167.862478
2024-05-27,68739.388357,3841.858354,165.12613
2024-05-28,69434.318606,3886.249477,170.33787
2024-05-29,68398.049288,3840.97444,167.621238
2024-05-30,67646.641006,3766.264141,168.310511
2024-05-31,68520.840614,3758.214517,167.267964
2024-06-01,67515.106505,3762.685895,166.398173
2024-06-02,67783.283287,3832.07539,166.659282
2024-06-03,68061.009889,3789.161935,163.725942
2024-06-04,68998.350939,3759.151184,165.406252
2024-06-05,70580.595983,3794.837428,171.72762
2024-06-06,71065.629108,3858.916471,173.507953
2024-06-07,70749.877956,3811.324206,170.028927
2024-06-08,69461.327406,3683.721561,162.333913
2024-06-09,69303.431213,3684.373026,158.369149
2024-06-10,69585.394194,3691.347378,161.173232
2024-06-11,69408.776046,3663.94045,159.431831
2024-06-12,67195.269453,3485.135375,147.427025
2024-06-13,68257.056073,3553.902754,154.900125
2024-06-14,66613.375966,3485.977307,147.442035
2024-06-15,66120.948439,3491.46285,143.670971
2024-06-16,66144.128055,3562.734227,144.795673
2024-06-17,66518.994499,3611.384673,149.55271
2024-06-18,65766.541929,3482.540457,140.154421
2024-06-19,65518.777682,3531.900301,139.037924
2024-06-20,65119.429033,3564.256777,135.382726
2024-06-21,64783.6227,3508.321388,133.417387
2024-06-22,64125.994754,3502.092149,133.543547
2024-06-23,64399.793921,3505.301067,134.163862
2024-06-24,63038.188535,3414.248752,127.737308
2024-06-25,60337.285426,3339.615149,132.043397
2024-06-26,61841.006772,3396.845281,137.077081
2024-06-27,60964.086057,3373.831684,136.507567
2024-06-28,61611.637206,3439.700334,148.516846
2024-06-29,60684.030391,3383.596661,141.497857
2024-06-30,60923.230637,3376.611361,140.098399
2024-07-01,63401.489935,3495.900882,147.802073
2024-07-02,62891.895121,3443.894989,147.271489
2024-07-03,61868.171301,3411.748971,152.845124
2024-07-04,60182.59399,3282.094369,138.976334
2024-07-05,57320.386569,3095.751916,128.141999
2024-07-06,56483.772212,2980.513107,134.512109
2024-07-07,57966.645992,3045.484309,140.468998
2024-07-08,54556.266606,2841.747084,128.842472
2024-07-09,56920.379773,3040.565399,140.408063
2024-07-10,57596.387555,3046.402808,139.631298
2024-07-11,57553.625591,3092.900526,140.976292
2024-07-12,56943.71683,3081.671695,134.844262
2024-07-13,57950.18602,3136.663487,139.049279
2024-07-14,59223.111227,3171.436773,144.588738
2024-07-15,61483.221229,3294.632385,151.013463
2024-07-16,64770.195347,3481.040858,158.428994
2024-07-17,65702.590653,3511.291435,163.318689
2024-07-18,64550.694888,3416.982196,158.321291
2024-07-19,64186.088307,3427.341894,161.872742
2024-07-20,66642.231182,3483.872631,170.597033
2024-07-21,67154.206204,3513.038114,173.974602
2024-07-22,68026.412787,3541.280013,183.004379
2024-07-23,67379.088226,3484.658096,178.444106
2024-07-24,65933.051579,3472.72022,172.512205
2024-07-25,64540.696136,3259.838109,174.613147
2024-07-26,66152.879304,3181.970193,173.112387
2024-07-27,67817.300193,3254.833265,181.653338
2024-07-28,68000.380802,3250.131061,185.720631
2024-07-29,68487.990631,3277.585966,187.811365
2024-07-30,66515.897299,3328.533587,183.191077
2024-07-31,66234.815669,3284.560889,181.050398
2024-08-01,64538.613452,3210.026583,171.383825
2024-08-02,64893.347783,3175.687949,166.321124
2024-08-03,60823.550879,2931.990715,149.359167
2024-08-04,60536.352079,2896.678379,142.939422
2024-08-05,54772.911509,2346.752927,131.533277
2024-08-06,55919.341941,2539.166001,139.51113
2024-08-07,56139.720536,2451.038665,143.871294
2024-08-08,55823.508396,2378.686965,147.366485
2024-08-09,61268.127707,2667.289746,161.365643
2024-08-10,60588.067786,2608.675463,155.06322
2024-08-11,61072.431904,2627.361341,154.664563
2024-08-12,58746.122756,2568.38848,143.69238
2024-08-13,59543.65741,2717.039862,146.374586
2024-08-14,60613.040289,2705.059029,144.671317
2024-08-15,58901.487263,2656.880137,145.175596
2024-08-16,57359.183205,2560.889632,141.121607
2024-08-17,59224.163459,2603.104411,139.422598
2024-08-18,59511.765476,2614.869929,141.845907
2024-08-19,58224.841046,2617.849018,142.035551
2024-08-20,60658.263475,2660.238113,146.313942
2024-08-21,59071.979207,2573.426947,142.02598
2024-08-22,60923.972974,2628.79381,143.076654
2024-08-23,60814.673364,2645.648926,144.481256
2024-08-24,63868.787962,2751.99919,152.670329
2024-08-25,64255.376569,2763.42791,157.773011
2024-08-26,64193.916984,2755.245988,159.087893
2024-08-27,63116.569993,2691.355366,158.771515
2024-08-28,59060.466105,2434.070167,145.927284
2024-08-29,59141.851731,2520.611037,143.514502
2024-08-30,59067.443207,2519.964418,139.749954
2024-08-31,59300.725841,2528.146487,138.414801
2024-09-01,58959.135423,2502.079228,134.103343
2024-09-02,57558.92595,2441.3687,130.209862
2024-09-03,59377.839003,2584.832256,134.860218
2024-09-04,56442.32723,2363.367241,125.592705
2024-09-05,58179.448692,2457.535024,133.658293
2024-09-06,56271.770141,2379.980555,129.506547
2024-09-07,53925.798102,2225.648236,124.870911
2024-09-08,54232.287735,2277.506931,127.798414
2024-09-09,55063.350385,2303.189572,129.541641
2024-09-10,56945.662449,2346.506778,133.470574
2024-09-11,57076.648231,2355.157795,134.623196
2024-09-12,57802.131743,2361.152431,134.580671
2024-09-13,57962.278149,2356.252682,134.667793
2024-09-14,60600.91871,2433.076409,139.364062
2024-09-15,60286.723658,2427.509705,137.769416
2024-09-16,58650.682401,2288.431635,130.329596
2024-09-17,57975.383652,2279.032423,131.044818
2024-09-18,60199.984348,2324.870417,131.302207
2024-09-19,61742.877959,2381.847275,135.005215
2024-09-20,63030.24191,2454.237671,142.265688
2024-09-21,63076.758107,2560.727001,147.020453
2024-09-22,63182.369592,2581.416588,148.422234
2024-09-23,63882.252233,2615.759796,147.282517
2024-09-24,63053.690217,2630.591783,143.637532
2024-09-25,64578.624475,2662.292697,153.482016
2024-09-26,62773.062823,2563.859327,147.332325
2024-09-27,65135.97134,2631.227193,155.19444
2024-09-28,65910.454057,2696.534925,158.313336
2024-09-29,65823.251405,2672.035677,157.248925
2024-09-30,65252.854812,2643.435451,159.167688
2024-10-01,63558.648743,2625.389936,154.502869
2024-10-02,61439.402317,2475.192997,145.643999
2024-10-03,61144.128941,2388.980493,141.88969
2024-10-04,61070.194081,2369.645224,138.213318
2024-10-05,62070.934664,2418.533512,143.042936
2024-10-06,62070.164114,2418.95181,143.290817
2024-10-07,63813.358689,2493.164366,149.716781
2024-10-08,62583.705706,2433.680384,144.871489
2024-10-09,62470.326595,2462.560462,145.012798
2024-10-10,60720.140871,2392.553989,139.296557
2024-10-11,60486.553839,2381.825717,138.778974
2024-10-12,62854.341349,2445.315412,145.978023
2024-10-13,63632.256463,2483.299808,146.107826
2024-10-14,62716.371482,2457.591796,148.070553
2024-10-15,66247.101689,2640.485026,157.122376
2024-10-16,67220.112258,2612.429837,154.270818
2024-10-17,67489.589731,2614.177469,154.406569
2024-10-18,67617.366844,2619.566169,151.443849
2024-10-19,68337.285506,2639.157496,154.69589
2024-10-20,68169.113938,2641.423114,158.895972
2024-10-21,69364.001471,2750.679762,169.319598
2024-10-22,67454.535643,2641.802026,166.480494
2024-10-23,67217.401241,2621.403762,167.247568
2024-10-24,67157.363133,2541.733355,172.532714
2024-10-25,67858.257671,2517.646816,175.527814
2024-10-26,66546.882279,2438.28993,163.980592
2024-10-27,66967.574301,2474.287208,171.398473
2024-10-28,67687.392546,2493.252013,175.716538
2024-10-29,69897.320836,2584.206365,177.341323
2024-10-30,72302.397548,2621.930932,178.646453
2024-10-31,71942.446043,2568.323175,174.859886
2024-11-01,69919.313113,2519.764402,167.760424
2024-11-02,69578.286008,2513.061007,167.268359
2024-11-03,69257.833061,2484.794919,164.092718
2024-11-04,68788.091406,2461.180417,162.600695
2024-11-05,67541.554942,2384.626978,157.106658
2024-11-06,70782.42897,2473.833643,172.966243
2024-11-07,75727.170151,2845.794642,190.568158
2024-11-08,75946.290783,2904.652178,198.798892
2024-11-09,76426.890037,2983.946072,199.361144
2024-11-10,76734.781574,3114.890234,199.218729
2024-11-11,81193.874734,3215.139448,211.811561
2024-11-12,88938.694558,3324.177441,220.425859
2024-11-13,87902.041964,3269.585142,208.884584
2024-11-14,89738.412527,3177.542654,214.054271
2024-11-15,87932.959911,3081.340296,210.173425
2024-11-16,91250.034219,3101.757176,218.546313
2024-11-17,90196.538257,3095.369575,215.911941
2024-11-18,90552.642779,3104.653845,237.938757
2024-11-19,91000.091,3156.080489,240.522977
2024-11-20,92002.244855,3108.331571,236.458491
2024-11-21,94842.466663,3090.623574,237.75761
2024-11-22,97917.299049,3320.577887,255.59296
2024-11-23,98378.718716,3331.507667,255.957617
2024-11-24,98150.838208,3430.583515,258.97733
2024-11-25,97357.711704,3328.482625,248.584758
2024-11-26,94524.212377,3445.766394,236.836547
2024-11-27,92616.604305,3336.892685,231.378157
2024-11-28,96359.536703,3627.796759,243.52026
2024-11-29,95823.990494,3563.413436,237.281185
2024-11-30,96720.217427,3610.683144,240.438188
2024-12-01,96164.942109,3710.60956,237.196614
2024-12-02,97796.641663,3727.579541,236.142744
2024-12-03,95501.862286,3626.656067,225.529448
2024-12-04,96413.420748,3686.510909,239.218109
2024-12-05,98429.072011,3814.970861,226.448594
2024-12-06,98438.761247,3879.130935,244.957475
2024-12-07,100150.225338,3991.112591,235.903054
2024-12-08,99812.352777,3940.965908,239.715144
2024-12-09,99457.95415,3947.308173,232.39883
2024-12-10,97972.939874,3755.037852,218.817402
2024-12-11,96349.324109,3601.732001,215.55927
2024-12-12,100564.164965,3811.69466,226.315942
2024-12-13,99495.557523,3872.23034,226.104339
2024-12-14,102062.686902,3924.97489,225.645012
2024-12-15,102013.751454,3881.255323,221.247481
2024-12-16,105276.455973,4000.188809,225.586481
2024-12-17,103239.660548,3980.400508,214.547618
2024-12-18,102370.910282,3861.093307,217.592669
2024-12-19,98716.683119,3629.920857,205.685716
2024-12-20,95242.630601,3383.317336,194.56969
2024-12-21,98206.744839,3460.838707,194.904906
2024-12-22,97667.695433,3344.507332,181.2001
2024-12-23,94855.061466,3279.12825,181.501363
2024-12-24,94210.749447,3383.855422,188.134146
2024-12-25,97762.222722,3473.167695,199.546434
2024-12-26,97349.18178,3465.098317,196.902235
2024-12-27,95961.922309,3365.25955,189.196942
2024-12-28,94042.413128,3328.338607,184.633241
2024-12-29,94914.482052,3374.841636,192.416078
2024-12-30,93766.409122,3411.740824,193.281749
2024-12-31,92233.905184,3327.349649,188.80561
2025-01-01,93873.796069,3344.750081,189.842386
2025-01-02,94805.601115,3380.963216,196.52228
2025-01-03,96624.892505,3446.793741,205.66211
2025-01-04,97957.584366,3592.101113,217.461062
2025-01-05,98524.108849,3634.822472,215.822539
2025-01-06,98239.547312,3627.429607,213.122858
2025-01-07,101855.812911,3689.086723,218.208188
2025-01-08,97012.029492,3391.046687,200.937034
2025-01-09,94851.46261,3335.674978,197.544756
2025-01-10,93086.46802,3237.557742,187.364185
2025-01-11,94769.662336,3251.789297,186.617258
2025-01-12,94576.95727,3288.273032,187.218343
2025-01-13,94816.388065,3278.501489,188.191921
2025-01-14,94754.396604,3145.296995,182.931008
2025-01-15,97172.286464,3239.461303,188.40024
2025-01-16,100036.012965,3402.992592,203.555519
2025-01-17,100829.829497,3368.348438,213.418909
2025-01-18,104292.686997,3461.176503,217.558458
2025-01-19,104318.798247,3344.856363,252.99201
2025-01-20,100597.549444,3208.026739,245.160899
2025-01-21,101179.755954,3228.469418,233.813266
2025-01-22,105558.722317,3332.18706,252.196682
2025-01-23,103411.546933,3246.086112,255.668299
2025-01-24,103425.450935,3318.08122,251.766664
2025-01-25,104769.088928,3303.247356,252.773422
2025-01-26,103914.457618,3312.885102,255.750425
2025-01-27,101723.190853,3213.164205,236.058946
2025-01-28,101649.775862,3162.475332,233.84328
2025-01-29,101573.371525,3103.092169,228.521009
2025-01-30,104524.882148,3149.610267,235.010695
2025-01-31,104637.535577,3268.861576,237.749153
2025-02-01,102214.999029,3325.933132,233.816717
2025-02-02,100782.068854,3134.471983,217.940367
2025-02-03,94592.165877,2778.87775,193.82395
2025-02-04,101262.746448,2849.402252,218.017638
2025-02-05,98123.871575,2743.102674,207.482221
2025-02-06,96950.894372,2778.781226,198.432792
2025-02-07,96763.268663,2705.46447,191.046957
2025-02-08,96725.830633,2638.473696,193.193048
2025-02-09,96706.187262,2647.559056,201.33719
2025-02-10,96100.251783,2602.590879,201.42073
2025-02-11,98033.449013,2704.00501,204.518062
2025-02-12,95969.289827,2609.379991,197.058811
2025-02-13,98022.87854,2698.309563,196.240269
2025-02-14,96566.109158,2676.424554,195.302025
2025-02-15,97666.741544,2724.803808,198.622076
2025-02-16,97667.695433,2702.195858,194.196189
2025-02-17,96420.85776,2673.219976,188.907388
2025-02-18,96083.631193,2729.082606,177.607955
2025-02-19,95188.234734,2658.950039,167.553742
2025-02-20,96706.187262,2718.432139,168.414419
2025-02-21,98128.685959,2737.878522,173.86378
2025-02-22,96419.928071,2685.13827,171.994583
2025-02-23,96472.948985,2763.484422,170.978325
2025-02-24,96029.192875,2796.852311,164.402935
2025-02-25,92292.641508,2500.689565,140.464623
2025-02-26,88292.434864,2481.16507,142.244513
2025-02-27,84886.761061,2348.111801,137.285591
2025-02-28,82461.305033,2217.144468,132.070207
2025-03-01,83894.728894,2231.237413,148.970698
2025-03-02,86218.788798,2214.784484,143.971225
2025-03-03,92859.994986,2462.741189,173.223953
2025-03-04,83649.108719,2049.531016,137.301393
2025-03-05,87424.814659,2179.980973,143.70687
2025-03-06,90674.984585,2261.340396,147.121737
2025-03-07,88236.332192,2179.888782,140.455692
2025-03-08,86287.232941,2143.300194,139.717976
2025-03-09,86366.109367,2204.312633,138.228952
2025-03-10,81070.125659,2034.782573,127.30336
2025-03-11,78665.827565,1837.558708,117.873617
2025-03-12,83329.166875,1922.343106,125.88078
2025-03-13,83855.33278,1901.674672,125.127821
2025-03-14,81794.907449,1887.425987,124.948135
2025-03-15,83839.865856,1905.182497,132.777015
2025-03-16,83970.486984,1923.22043,135.558947
2025-03-17,83288.91258,1906.736558,128.475154
2025-03-18,83182.910903,1905.581123,125.124159
2025-03-19,83028.204681,1940.116745,125.019009
2025-03-20,85867.866527,2026.126496,132.987995
2025-03-21,84520.851294,1990.445068,128.427935
2025-03-22,84139.671855,1977.584084,127.8374
2025-03-23,84045.374554,1996.675811,129.086797
2025-03-24,85723.592847,1986.611431,133.582603
2025-03-25,87059.479036,2062.94116,140.3153
2025-03-26,87930.640311,2077.751109,144.461295
2025-03-27,87247.092491,2019.486836,138.243618
2025-03-28,87425.578976,2013.17178,138.975848
2025-03-29,83780.862775,1904.139886,129.330571
2025-03-30,82999.9502,1838.176162,125.162055
2025-03-31,81816.265327,1809.724781,126.111365
2025-04-01,82665.123584,1825.386453,124.514389
2025-04-02,85031.12139,1890.4771,125.889456
2025-04-03,83896.840445,1830.6854,119.82703
2025-04-04,82892.620899,1810.623945,115.527039
2025-04-05,83999.731201,1821.273679,122.221954
2025-04-06,83043.373554,1802.246681,120.210881
2025-04-07,78745.737887,1595.521817,107.175358
2025-04-08,80320.639995,1581.44522,110.342384
2025-04-09,75594.932116,1425.443192,103.896962
2025-04-10,82404.90474,1638.536813,117.143603
2025-04-11,80302.580122,1540.509231,115.035536
2025-04-12,83284.750562,1557.626818,121.052784
2025-04-13,85115.800046,1624.327752,132.60101
2025-04-14,84284.341655,1615.3163,130.113971
2025-04-15,85027.506398,1635.562894,130.059209
2025-04-16,83409.096596,1594.057608,126.215768
2025-04-17,84216.909071,1584.256797,131.925566
2025-04-18,84992.095735,1584.100949,134.793805
2025-04-19,84471.587981,1587.619867,134.859835
2025-04-20,84614.53847,1609.998218,142.080644
2025-04-21,87220.458431,1627.127469,143.004008
2025-04-22,88127.467569,1585.089256,139.006342
2025-04-23,93625.069048,1765.803901,148.285943
2025-04-24,93750.585941,1790.662269,150.163772
2025-04-25,93704.026462,1768.498896,152.708083
2025-04-26,95052.516515,1808.054739,152.488021
2025-04-27,94393.052671,1813.207695,146.971559
2025-04-28,92927.302971,1763.684294,145.100221
2025-04-29,94944.220271,1797.555038,148.763189
2025-04-30,94200.099852,1797.372816,145.522244
2025-05-01,95086.861848,1808.999337,148.849059
2025-05-02,96729.573132,1843.211966,150.520521
2025-05-03,96503.671965,1828.839965,147.887209
2025-05-04,96206.574757,1844.450822,147.26518
2025-05-05,94001.748433,1790.780917,143.372155
2025-05-06,94234.71984,1805.661688,144.924404
2025-05-07,97191.175041,1840.451956,148.825881
2025-05-08,97798.554537,1822.057832,148.194507
2025-05-09,102841.510947,2197.708493,163.059429
2025-05-10,103095.97204,2383.774884,171.485353
2025-05-11,104018.223993,2527.60588,176.67109
2025-05-12,103683.888561,2502.696029,173.891722
2025-05-13,102279.817124,2456.727207,171.301192
2025-05-14,103623.721542,2670.851,182.738362
2025-05-15,103168.298445,2574.319311,174.901124
2025-05-16,104066.935853,2568.097602,171.741153
2025-05-17,102676.783752,2479.256679,164.376967
2025-05-18,103192.78476,2486.401868,167.407563
2025-05-19,104354.722573,2428.470612,167.943453
2025-05-20,106197.697634,2540.153476,170.366922
2025-05-21,106339.990217,2537.269315,168.742807
2025-05-22,109730.939736,2572.7,173.209426
2025-05-23,111353.614538,2672.560554,183.378716
2025-05-24,107569.678259,2530.35797,174.281694
2025-05-25,107698.27252,2512.305271,171.725414
2025-05-26,109661.147056,2560.56439,176.811725
2025-05-27,108111.614431,2528.843995,171.891129
2025-05-28,108765.4039,2638.970147,175.8629
2025-05-29,108064.882155,2718.118844,173.431764
2025-05-30,105650.171153,2597.140185,163.272322
2025-05-31,103145.951521,2478.648304,153.17358
2025-06-01,104456.097102,2533.604463,154.773001
2025-06-02,105214.427002,2525.620526,157.982096
2025-06-03,106507.615294,2647.895559,162.169514
2025-06-04,105640.126346,2614.47888,156.936324
2025-06-05,104773.479737,2606.610364,153.268694
2025-06-06,101972.141211,2422.961339,145.492761
2025-06-07,104066.935853,2523.211655,147.867662
2025-06-08,105568.75165,2515.005782,149.881942
2025-06-09,105685.901501,2498.075857,151.989707
2025-06-10,109583.036546,2704.141745,159.994135
2025-06-11,109566.227306,2784.096904,164.093239
2025-06-12,108409.310192,2771.386652,160.241573
2025-06-13,103815.208928,2495.046086,143.291798
2025-06-14,105527.532133,2558.244185,146.913763
2025-06-15,105613.349527,2537.025348,145.651812
2025-06-16,105826.824984,2565.943464,156.515903
2025-06-17,107250.10725,2581.51988,151.65058
2025-06-18,104826.198163,2520.818812,147.617698
2025-06-19,104816.309418,2506.051488,145.791044
2025-06-20,104752.626672,2527.448086,147.139103
2025-06-21,103614.058355,2423.125143,140.157497
2025-06-22,102214.999029,2269.699802,134.670535
2025-06-23,101084.638168,2241.537803,132.952798
2025-06-24,105459.645867,2414.529868,143.778508
2025-06-25,106407.882696,2458.918238,145.808294
2025-06-26,107704.072291,2464.32884,145.390764
2025-06-27,107183.433728,2426.48008,139.383081
2025-06-28,106721.307976,2474.086419,142.307077
2025-06-29,106853.589212,2423.960364,149.674921
2025-06-30,108563.487928,2510.316775,152.076281
2025-07-01,107321.470733,2493.478307,154.184175
2025-07-02,105806.670052,2412.935846,147.905756
2025-07-03,108939.582108,2577.742789,153.039558
2025-07-04,109518.229309,2590.845403,152.575836
2025-07-05,108055.540548,2513.389454,148.063765
2025-07-06,108288.39365,2518.217414,147.569564
2025-07-07,109247.828699,2570.081628,151.708861
2025-07-08,107786.496508,2527.704909,148.618823
2025-07-09,108822.217144,2606.492146,151.554861
2025-07-10,111295.366774,2778.643016,158.281882
2025-07-11,114805.290228,2929.434607,164.336355
2025-07-12,117468.782671,2960.030121,163.427902
2025-07-13,117401.206884,2942.267706,160.911317
2025-07-14,118998.036532,2978.42252,163.113229
2025-07-15,118559.267778,2981.795542,161.166121
2025-07-16,117497.767542,3131.466478,163.476312
2025-07-17,118260.62276,3351.066058,171.886118
2025-07-18,120226.988554,3606.516109,179.371576
2025-07-19,118148.843914,3548.12877,176.492685
2025-07-20,117963.478507,3610.865672,177.465442
2025-07-21,117805.056193,3726.526609,180.871291
2025-07-22,117612.466921,3782.441528,202.850763
2025-07-23,119250.629047,3746.701966,203.196715
2025-07-24,119063.210659,3644.990998,191.621154
2025-07-25,117229.171307,3685.054598,183.121404
2025-07-26,117307.556953,3709.75335,185.042877
2025-07-27,118439.909512,3769.01089,186.454179
2025-07-28,119337.438541,3866.022226,189.668859
2025-07-29,117764.823647,3748.14701,181.355021
2025-07-30,118073.512569,3809.635559,182.158464
2025-07-31,118222.873762,3843.110398,179.58836
2025-08-01,115874.855156,3716.698382,171.606379
2025-08-02,113567.964748,3515.694765,164.817144
2025-08-03,113365.831538,3432.261404,160.163546
2025-08-04,115088.042352,3512.463097,163.452651
2025-08-05,114673.638824,3678.293508,168.167291
2025-08-06,113694.502871,3587.536611,162.936576
2025-08-07,114979.533643,3680.93914,167.958965
2025-08-08,116834.71393,3888.997133,174.014756
2025-08-09,116639.839504,4035.266616,178.713883
2025-08-10,116837.444064,4284.038614,184.784456
2025-08-11,121062.444009,4316.330015,185.07152
2025-08-12,119006.533459,4269.814716,176.172804
2025-08-13,119348.832768,4573.877033,193.606588
2025-08-14,123338.020178,4723.382207,202.542668
2025-08-15,118729.593351,4603.350041,193.732993
2025-08-16,117955.129869,4491.900878,188.121766
2025-08-17,117630.452171,4417.132822,188.841321
2025-08-18,116161.557494,4362.902761,186.022061
2025-08-19,115826.538176,4297.690721,183.216547
2025-08-20,113087.631606,4116.518891,179.411497
2025-08-21,114531.794026,4324.855463,187.705585
2025-08-22,113030.111222,4172.699696,181.998214
2025-08-23,116517.524236,4742.642856,197.175127
2025-08-24,115277.761767,4775.804628,208.153233
2025-08-25,113068.451641,4733.933975,207.048322
2025-08-26,109795.999034,4416.742634,188.201452
2025-08-27,111292.889497,4555.480745,195.99062
2025-08-28,111613.371282,4522.956947,205.631486
2025-08-29,111716.864778,4465.386113,214.20941
2025-08-30,108112.783255,4322.952195,203.457657
2025-08-31,109215.613464,4459.024464,206.299406
2025-09-01,108295.429933,4414.284093,200.883469
2025-09-02,109531.424566,4338.483258,199.937
2025-09-03,111003.807431,4292.934387,208.153584
2025-09-04,111983.336879,4468.424992,210.885158
2025-09-05,111038.319324,4330.867915,203.434739
2025-09-06,110872.120097,4320.203084,204.269189
2025-09-07,110617.021747,4357.002312,203.011147
2025-09-08,110900.40035,4291.014915,206.708441
2025-09-09,111410.682056,4287.780383,212.85484
2025-09-10,111075.320175,4303.694507,215.99137
2025-09-11,113904.297609,4367.262303,225.295178
2025-09-12,115612.282649,4513.207677,232.019563
2025-09-13,115950.095079,4718.568085,243.043334
2025-09-14,115951.439537,4673.624447,245.787237
2025-09-15,115273.775216,4619.394249,241.23384
2025-09-16,115259.160222,4532.602557,235.162725
2025-09-17,116652.085156,4507.162105,236.261813
2025-09-18,116842.904715,4628.001259,247.226166
2025-09-19,117123.448114,4602.286509,247.025986
2025-09-20,115805.076895,4475.08986,239.151439
2025-09-21,115866.799527,4487.287068,240.150895
2025-09-22,114474.105957,4337.318462,233.555388
2025-09-23,112429.029175,4178.933578,218.244627
2025-09-24,112417.654068,4188.248362,215.981065
2025-09-25,112803.158488,4100.452895,209.310832
2025-09-26,109979.543805,3954.497964,196.354818
2025-09-27,109479.86118,4016.812771,203.924053
2025-09-28,109818.90862,4004.869921,201.376651
2025-09-29,112071.187618,4127.938009,209.483024
2025-09-30,114533.105794,4203.446826,210.557186
2025-10-01,114550.161516,4171.57,210.601028
2025-10-02,118798.70747,4372.031937,222.55042
2025-10-03,120144.654164,4477.345972,231.707734
2025-10-04,121976.507325,4486.735416,230.768993
2025-10-05,122534.003186,4490.866028,227.746689
2025-10-06,124018.70202,4529.223455,231.113433
2025-10-07,124720.936904,4683.344995,232.654291
2025-10-08,121793.778774,4480.222506,221.816795
2025-10-09,122497.978783,4478.282346,227.095154
2025-10-10,121527.355808,4373.05481,221.091096
2025-10-11,111714.368702,3770.230113,183.958187
2025-10-12,110349.698194,3732.956255,174.901055
2025-10-13,115896.342311,4191.125375,198.810726
2025-10-14,114601.359172,4220.208808,209.111336
2025-10-15,112828.613336,4117.384999,203.638225
2025-10-16,111450.41571,4012.27113,195.230778
2025-10-17,108719.286801,3915.066547,185.275751
2025-10-18,107246.656585,3869.064661,184.650939
2025-10-19,107940.071672,3839.46874,185.805183
2025-10-20,108158.387142,3941.573271,185.738069
2025-10-21,110103.056461,3951.669501,187.708438
2025-10-22,109061.958098,3869.3521,186.888766
2025-10-23,108230.964879,3823.47622,181.860158
2025-10-24,110626.811514,3880.621225,193.249916
2025-10-25,111036.335786,3929.623015,193.733203
2025-10-26,111655.741732,3927.598765,193.510765
2025-10-27,115239.097382,4191.117607,204.310787
2025-10-28,114465.219228,4138.01271,201.616846
2025-10-29,112532.56341,3986.179163,193.890226
2025-10-30,110705.409245,3933.900414,195.451495
2025-10-31,109642.98028,3845.870852,186.347999
2025-11-01,109164.616444,3823.440653,185.305378
2025-11-02,109792.338963,3864.593439,184.619143
2025-11-03,109723.266488,3839.245951,185.680722
2025-11-04,106726.786106,3631.526777,167.443902
2025-11-05,100490.651674,3236.556758,151.685059
2025-11-06,103456.258698,3406.816831,160.978428
2025-11-07,101152.077191,3302.840776,155.290403
2025-11-08,102966.866845,3434.786628,161.587332
2025-11-09,102048.121601,3399.199569,158.061768
2025-11-10,105738.911366,3629.38498,167.081402
2025-11-11,106367.518852,3596.585299,168.162028
2025-11-12,103291.846191,3447.238386,155.324416
2025-11-13,102068.20571,3428.159978,152.779009
2025-11-14,99316.586291,3212.238329,144.06032
2025-11-15,95218.097998,3159.740785,141.79308
2025-11-16,95121.637233,3144.650425,138.545851
2025-11-17,94718.905907,3114.403807,138.388403
2025-11-18,91616.954934,3015.966258,131.624472
2025-11-19,92221.913181,3100.284108,140.141366
2025-11-20,92478.909885,3045.174014,139.241111
2025-11-21,86932.955392,2857.401757,134.175901
2025-11-22,84995.415958,2771.842694,129.543945
2025-11-23,85723.916242,2806.284627,129.702794
2025-11-24,87463.351303,2831.75931,131.783229
2025-11-25,87792.683184,2925.636855,138.011732
2025-11-26,87888.836647,2967.052768,139.909513
2025-11-27,90727.579774,3038.068125,142.730953
2025-11-28,90858.366414,2996.736953,139.281327
2025-11-29,90872.916878,3036.172025,137.409044
2025-11-30,91032.380555,3010.764531,136.631541
2025-12-01,87197.194795,2858.619861,128.195471
2025-12-02,86434.137389,2794.738784,126.959685
2025-12-03,92235.964257,3017.860429,139.002013
2025-12-04,93236.234303,3204.052079,144.434412
2025-12-05,92402.408092,3165.152281,140.044526
2025-12-06,,,133.588534
2025-12-07,89380.269231,3045.767225,132.683359
2025-12-08,90929.560938,3099.348489,133.479164
2025-12-09,90118.100867,3108.002224,132.835426
2025-12-11,90320.942246,3202.876539,131.051525
2025-12-12,92026.965175,3230.518334,136.683472
2025-12-13,90098.487748,3079.200179,132.457496
2025-12-14,90356.659739,3123.030618,133.453339
2025-12-15,89533.514737,3116.862332,131.333783
2025-12-16,85887.965314,2945.881554,126.404716
2025-12-17,87472.628528,2949.589249,128.943726
2025-12-18,86119.186023,2827.140484,123.375848
2025-12-19,85216.922928,2816.785646,118.306684
2025-12-20,88046.428115,2975.610257,125.702255
2025-12-21,88024.030006,2971.698603,125.157727
2025-12-22,88259.477059,2996.753009,125.102916
2025-12-23,88389.618717,3012.368383,125.951431
2025-12-24,87597.264807,2962.947708,123.020805
2025-12-25,87552.549788,2943.230115,122.629958
2025-12-26,87401.537651,2917.527396,120.786556
2025-12-27,87415.034805,2925.860317,122.103558
2025-12-28,87736.538437,2943.594464,124.040036
2025-12-29,89044.37567,3004.839503,128.766294
2025-12-30,87155.359298,2932.470602,123.054039
2025-12-31,88528.030057,2976.171983,125.366657
2026-01-01,87984.088136,2985.08352,124.992625
2026-01-02,88513.159699,2998.154072,125.979587
2026-01-03,90246.565357,3130.498828,132.564933
2026-01-04,91155.238572,3144.297132,133.82478
2026-01-05,92694.198416,3183.809267,136.537699
2026-01-06,93876.685976,3223.034581,137.821428
2026-01-07,92640.538877,3252.567589,138.925755
2026-01-08,91250.262272,3169.051957,136.631049
2026-01-09,91276.994101,3119.233931,138.753644
2026-01-10,90652.604725,3088.519797,136.368366
2026-01-11,90532.949164,3090.89848,136.225824
2026-01-12,91700.035991,3141.894414,141.862057
2026-01-13,91118.983664,3096.083734,138.736845
2026-01-14,95450.032249,3348.25755,146.135023
2026-01-15,96441.599713,3326.395985,145.179015
2026-01-16,95501.719973,3302.575986,142.047221
2026-01-17,95260.162702,3285.716673,144.467096
2026-01-18,95009.143597,3303.602358,142.900272
2026-01-19,92395.704751,3201.487735,133.591262
2026-01-20,92499.423476,3184.880424,133.5763
2026-01-21,89110.234931,2967.385374,127.522106
2026-01-22,90161.238367,3031.342001,130.3527
2026-01-23,89716.263463,2959.599623,128.520322
2026-01-24,89433.496256,2951.647649,127.347467
2026-01-25,89048.66978,2950.650558,126.985936
2026-01-26,87751.634791,2879.075545,121.613847
2026-01-27,88636.887234,2936.666017,124.610382
2026-01-28,89106.411006,3004.830716,126.685605
2026-01-29,88248.35101,2978.550502,124.222503
2026-01-30,81049.471996,2701.250736,113.110423
2026-01-31,83768.706558,2687.960412,117.612038
2026-02-01,78834.596771,2453.204663,105.503333
2026-02-02,76917.060836,2277.975694,101.517261
2026-02-03,78461.48872,2317.482071,103.241455
2026-02-04,75990.867114,2255.902703,98.204774
2026-02-05,72138.303569,2152.419341,91.892629
2026-02-06,64703.836896,1914.615524,77.391724
2026-02-07,70325.554873,2055.422146,87.281465
2026-02-08,69203.66568,2085.206128,87.174899
2026-02-09,70895.895891,2091.917521,87.649359
2026-02-10,70125.116387,2108.64727,86.64712
2026-02-11,68623.022222,2015.997864,83.844665
2026-02-12,67663.127769,1964.258132,80.439926
2026-02-13,66550.055374,1945.376001,78.788368
2026-02-14,68812.957349,2047.476004,84.617647
2026-02-15,69540.288593,2060.57593,88.053408
2026-02-16,68431.854786,1959.072657,85.782981
2026-02-17,68911.765187,1999.596156,87.135794
2026-02-18,67356.123907,1990.762354,84.801496
2026-02-19,66690.466935,1964.326719,81.542935
2026-02-20,67207.45501,1949.0221,82.90015
2026-02-21,67997.67071,1967.634061,84.819452
2026-02-22,67944.328372,1972.102997,84.896617
2026-02-23,64754.525135,1863.45948,77.906737
2026-02-24,64204.819966,1846.353219,78.070123
2026-02-25,65987.921387,1925.690122,82.192813
2026-02-26,67988.633739,2049.735232,87.971875
2026-02-27,67556.158466,2031.438514,86.584005
2026-02-28,65884.021654,1927.611154,82.027414
2026-03-01,68114.224022,2045.772942,88.466852
2026-03-02,66379.913713,1956.500067,84.32861
2026-03-03,68465.733385,2015.392009,85.961397
2026-03-04,68103.335184,1973.603672,86.806198
2026-03-05,72435.787914,2118.511353,90.241353
2026-03-06,71279.114745,2087.22566,88.664612
2026-03-07,68123.571468,1976.453732,84.518724
2026-03-08,67190.619155,1963.293623,82.694635
2026-03-09,66543.838163,1958.802565,82.745963
2026-03-10,69806.03212,2032.970324,85.927123
2026-03-11,69967.773763,2033.371823,86.018658
2026-03-12,69420.613134,2032.994194,85.703874
2026-03-13,71366.322136,2113.225443,89.718649
2026-03-14,70656.418233,2087.375229,88.012816
2026-03-15,71445.931863,2102.728646,88.413135
2026-03-16,72544.264393,2179.720478,91.57456
2026-03-17,75397.948367,2353.647952,95.24074
2026-03-18,74416.446683,2337.670532,95.0491
2026-03-19,71260.749094,2205.392832,90.329554
2026-03-20,70102.966679,2133.486146,89.005312
2026-03-21,70652.634219,2152.158319,90.097354
2026-03-22,69224.080601,2100.571569,88.135722
2026-03-23,68183.068427,2058.850298,86.645873
2026-03-24,70639.374355,2142.486803,90.527403
2026-03-25,70682.75832,2158.590092,91.169851
2026-03-26,70829.4977,2148.468207,90.823927
2026-03-27,68922.159765,2068.919319,86.658942
2026-03-28,65960.296961,1984.337112,82.448074
2026-03-29,66794.911346,2006.877228,82.666058
2026-03-30,67026.596797,2029.939086,83.07779
2026-03-31,67965.684278,2074.427777,83.853031
2026-04-01,67899.495612,2097.364957,83.15091
2026-04-02,66819.00037,2070.305599,78.563085
2026-04-03,66369.615331,2045.858811,79.070713
2026-04-04,66809.413467,2048.203629,80.183414
2026-04-05,67150.367538,2059.228414,80.573343
2026-04-06,69056.43362,2129.325962,82.115383
2026-04-07,68585.104314,2103.965191,79.717821
2026-04-08,71339.44579,2235.607817,84.676923
2026-04-09,71116.231776,2182.473998,82.225948
2026-04-10,71899.667201,2187.3534,83.119908
2026-04-11,73009.421858,2247.267349,84.817802
2026-04-12,71675.380852,2220.958083,82.640313
2026-04-13,71042.396311,2194.186606,81.989576
2026-04-14,74362.194965,2367.206077,86.15746
2026-04-15,74215.384315,2322.640964,83.354048
2026-04-16,74976.376219,2359.299906,85.252922
2026-04-17,74700.003331,2328.790455,87.77528
2026-04-18,77313.016965,2420.011928,88.954962
2026-04-19,75533.603042,2341.934854,85.673427
2026-04-20,74515.445704,2281.502459,84.384116
2026-04-21,75580.690294,2301.329268,85.175629
2026-04-22,77480.442181,2363.758921,87.490376
2026-04-23,77640.793274,2336.719061,85.663836
2026-04-24,77883.18947,2314.332671,85.784481
2026-04-25,77637.169014,2317.55906,86.303915
2026-04-26,77381.18387,2312.646996,86.051553
2026-04-27,79233.356993,2397.875043,87.9344
2026-04-28,76813.92634,2287.613439,84.060713
2026-04-29,77003.80796,2307.228831,84.520115
2026-04-30,75882.025469,2252.339203,83.056333
2026-05-01,77141.301411,2283.952085,83.970067
2026-05-02,78373.508723,2305.491488,83.841321
2026-05-03,78137.44771,2300.68487,83.631869
2026-05-04,80052.829436,2377.801949,85.204326
2026-05-05,80757.620811,2375.321484,84.661728
2026-05-06,81555.404479,2375.685287,87.267733
2026-05-07,80961.672022,2321.756667,87.835375
2026-05-08,79588.519621,2279.42581,88.276166
2026-05-09,80379.15341,2314.862791,93.632522
2026-05-10,80792.624441,2327.867848,93.409353
2026-05-11,80672.250468,2329.533231,94.811635
2026-05-12,81162.334974,2312.205498,96.282766
2026-05-13,81214.736547,2301.492338,95.466406
2026-05-14,79039.367303,2241.261217,89.991485
2026-05-15,81033.071536,2272.052335,92.017978
2026-05-16,79115.29968,2228.567265,89.117025
2026-05-17,77991.985306,2180.62633,86.498984
2026-05-18,76931.123741,2118.7041,84.926593
2026-05-19,76750.014247,2131.418193,84.995438
2026-05-20,76728.104104,2111.603996,84.092877
2026-05-21,77905.410208,2142.729292,86.851964
2026-05-22,77817.366166,2138.813867,87.112119
2026-05-23,75519.578151,2067.528416,84.547578
2026-05-24,76658.957344,2117.171889,85.73545
2026-05-25,76940.743741,2091.945082,84.902161
2026-05-26,76556.556779,2089.652673,84.107593
2026-05-27,75473.935938,2062.037305,83.472184
2026-05-28,73027.637266,1980.138393,80.429531
2026-05-29,73109.059298,1995.896021,81.354349
2026-05-30,73461.420749,2014.166468,82.618812
2026-05-31,74094.643072,2031.501423,83.048495
2026-06-01,73339.144094,1993.470778,81.842088
2026-06-02,70932.478134,2000.97073,80.75334
2026-06-03,66385.926064,1843.494609,73.857162
2026-06-04,64377.04839,1804.505885,70.935909
2026-06-05,62690.953044,1721.380671,67.294251
2026-06-06,60659.25397,1562.999242,62.875835
2026-06-07,61489.056599,1585.816133,63.444061
2026-06-08,62711.219938,1658.152075,65.454574
2026-06-09,62810.54538,1667.201253,65.945716
2026-06-10,61450.254685,1628.491699,64.434258
2026-06-11,62519.297674,1649.761517,64.959436
2026-06-12,63635.068283,1676.076987,67.023711
2026-06-13,63448.809438,1662.570851,66.663735
2026-06-14,64339.359762,1676.223595,68.722339
2026-06-15,65614.448249,1717.276619,70.92478
2026-06-16,65971.381672,1763.767478,73.372525
2026-06-17,65864.77619,1793.67138,73.733723
2026-06-18,63861.536547,1734.111249,71.133067
2026-06-19,62274.824476,1684.557607,68.112546
2026-06-20,63337.201998,1705.511539,69.880082
2026-06-21,64298.693503,1733.065785,73.508125
2026-06-22,63975.405478,1731.862478,73.728924
2026-06-23,64021.417908,1728.897905,71.922624
2026-06-24,62562.036611,1662.627186,69.484571
2026-06-25,60788.188025,1616.85374,67.564624
2026-06-26,59949.042343,1555.121932,68.042533
2026-06-27,60171.978296,1577.070854,72.134201
2026-06-28,60101.794092,1571.217725,70.648779
2026-06-29,59806.951998,1578.265221,72.079033
2026-06-30,59436.586173,1582.094556,74.006421
2026-07-01,59107.912041,1590.903763,75.21706
2026-07-02,60905.489651,1635.944876,78.585614
2026-07-03,61321.066928,1703.371445,80.597474
2026-07-04,62619.911843,1752.079744,82.503707
2026-07-05,62721.40798,1760.388828,80.449721
2026-07-06,63299.74494,1778.812544,80.687287
2026-07-07,63098.229728,1769.333536,80.978834
2026-07-08,63024.724318,1762.285156,79.245126
2026-07-09,61855.440463,1727.532031,77.145476
2026-07-10,63929.927543,1775.885296,78.939221
2026-07-11,64093.311114,1794.40874,77.659807
2026-07-12,64069.935419,1805.486936,76.849405
2026-07-13,62933.42886,1792.793397,76.028997
2026-07-14,62488.221563,1781.365457,75.098398
2026-07-15,64500.992888,1865.602762,77.152298
2026-07-16,64672.597221,1926.880924,77.156221
2026-07-17,63572.503458,1852.34538,75.130006
2026-07-18,63898.437485,1840.799514,75.189982
2026-07-19,64596.51543,1862.501567,75.829407
2026-07-20,64758.538691,1874.981129,76.636194
2026-07-21,65397.424765,1921.432392,78.179924
2026-07-22,66185.490911,1927.12226,77.957067
2026-07-23,65650.643137,1923.300645,77.584348
2026-07-24,65294.647589,1875.139233,75.715048
2026-07-25,63993.086768,1857.682775,74.091691
2026-07-26,64465.96216,1879.275788,74.853809
2026-07-27,65203.616094,1943.3683,76.307089
2026-07-28,63148.878731,1875.527793,73.259663
2026-07-29,63892.971895,1907.853219,73.58312
2026-07-30,64224.380978,1911.83748,73.912757
2026-07-31,64296.721231,1906.027892,74.173829
2026-08-01,62923.403599,1865.097229,72.846077
2026-08-02,63360.369345,1873.270291,73.044191
2026-08-03,62999.688367,1859.907999,72.928202
2026-08-04,63640.241321,1860.490111,73.606349
2026-08-05,64435.08914,1874.740891,74.247331
2026-08-06,64499.400465,1895.506796,73.435634
2026-08-07,64402.115844,1902.906026,72.70818
2026-08-08,64866.953013,1913.106929,73.842893
2026-08-09,64800.057054,1914.101736,75.796458
2026-08-10,65049.588289,1921.451154,76.692698
2026-08-11,64011.836896,1876.949375,76.025708
2026-08-12,63736.201542,1883.077204,76.422032
2026-08-13,63358.620718,1874.135165,75.556541
2026-08-14,63453.933627,1885.522324,75.995072
2026-08-15,62990.657132,1882.772597,75.374732
2026-08-16,62967.409631,1876.416006,75.285033
2026-08-17,63118.682818,1891.148703,75.137254
2026-08-18,64153.645224,1899.412335,75.508935
2026-08-19,64427.366339,1913.746826,76.746229
2026-08-20,69530.515574,2257.944864,84.836651
2026-08-21,74576.586615,2355.317913,88.339973
2026-08-22,78128.867737,2521.376342,94.116661
2026-08-23,77158.727732,2422.622708,95.941942
